f_name, R_at_min_dG/dR, min_dG/dR, max_G, R_at_max_G
datasets/barred_galaxies/poisson_noise_bg_run670Diff.01200_4_highres.fits.png,120.0,0.037481575060515006,0.2289975614730078,300.0
datasets/barred_galaxies/poisson_noise_bg_run652ht.00900_4_highres.fits.png,300.0,0.18219775622288198,0.18684647457765005,264.0
datasets/barred_galaxies/poisson_noise_bg_run700.00800_4_highres.fits.png,252.0,0.10986692073177756,0.12191059522797408,168.0
datasets/barred_galaxies/poisson_noise_bg_run695.00900_2_highres.fits.png,84.0,0.15636482196190746,0.173761021321764,60.0
datasets/barred_galaxies/poisson_noise_bg_starsrun708.01000_2_highres.fits.png,192.0,0.2076112537346174,0.2325837419307556,144.0
datasets/barred_galaxies/poisson_noise_bg_starsrun708main.01000_2_highres.fits.png,144.0,0.20992776527036525,0.23769926060205654,108.0
datasets/barred_galaxies/poisson_noise_bg_run670Diff.01500_2_highres.fits.png,108.0,0.03587846635782859,0.22169122152048776,300.0
datasets/barred_galaxies/poisson_noise_bg_run.240.std_2_highres.fits.png,72.0,0.012676961796190843,0.2857079884068422,300.0
datasets/barred_galaxies/poisson_noise_bg_run662.01100_4_highres.fits.png,252.0,0.21068476667408,0.23869564625842887,180.0
datasets/barred_galaxies/poisson_noise_bg_run672.01200_4_highres.fits.png,240.0,0.14226378976863613,0.1723455423528349,156.0
datasets/barred_galaxies/poisson_noise_bg_run680.01200_3_highres.fits.png,216.0,0.18125803548691818,0.2556162248682165,84.0
datasets/barred_galaxies/poisson_noise_bg_run662c.01000_4_highres.fits.png,180.0,0.17191104972243276,0.19968655060714893,120.0
datasets/barred_galaxies/poisson_noise_bg_run653.01050_2_highres.fits.png,264.0,0.19083717748869136,0.21726471877009865,192.0
datasets/barred_galaxies/poisson_noise_bg_run695.01200_1_highres.fits.png,120.0,0.1309329502250134,0.14533806304435506,84.0
datasets/barred_galaxies/poisson_noise_bg_run699.00600_2_highres.fits.png,276.0,0.20020020559325305,0.21749724325577482,216.0
datasets/barred_galaxies/poisson_noise_bg_run700.00100_3_highres.fits.png,120.0,0.14432788665442364,0.16699909036057353,84.0
datasets/barred_galaxies/poisson_noise_bg_run677.00800_3_highres.fits.png,204.0,0.21175051489329463,0.24609916838581172,144.0
datasets/barred_galaxies/poisson_noise_bg_run670Diff.01000_2_highres.fits.png,48.0,0.02002224532837173,0.21401106440195564,300.0
datasets/barred_galaxies/poisson_noise_bg_run661.01000_3_highres.fits.png,204.0,0.21428398068610727,0.25281311081980296,132.0
datasets/barred_galaxies/poisson_noise_bg_run662c.00900_1_highres.fits.png,156.0,0.1967026650052509,0.2121192918687847,120.0
datasets/barred_galaxies/poisson_noise_bg_run671.01300_3_highres.fits.png,216.0,0.15267183125512224,0.17510575415142818,156.0
datasets/barred_galaxies/poisson_noise_bg_run671.00600_1_highres.fits.png,156.0,0.10233316475132635,0.12287211270162723,60.0
datasets/barred_galaxies/poisson_noise_bg_run662.00800_1_highres.fits.png,252.0,0.2053477604264447,0.24241389314463668,180.0
datasets/barred_galaxies/poisson_noise_bg_run700.00400_3_highres.fits.png,204.0,0.12305893803436932,0.1375727299618287,144.0
datasets/barred_galaxies/poisson_noise_bg_run672.01000_2_highres.fits.png,252.0,0.1405641830174127,0.17199034135825125,156.0
datasets/barred_galaxies/poisson_noise_bg_run662.01300_2_highres.fits.png,300.0,0.19363863959294433,0.22625056233119822,216.0
datasets/barred_galaxies/poisson_noise_bg_run653.01250_4_highres.fits.png,288.0,0.20052945559505475,0.22772721380289432,216.0
datasets/barred_galaxies/poisson_noise_bg_run662c.01200_2_highres.fits.png,192.0,0.1734563038153503,0.19926546805216397,144.0
datasets/barred_galaxies/poisson_noise_bg_run694.00400_1_highres.fits.png,300.0,0.18342487593968596,0.21260490094788365,216.0
datasets/barred_galaxies/poisson_noise_bg_run652ht.01000_1_highres.fits.png,300.0,0.18553880539776996,0.2133118443632562,204.0
datasets/barred_galaxies/poisson_noise_bg_run671.01200_2_highres.fits.png,168.0,0.1497304982157737,0.177389963405485,108.0
datasets/barred_galaxies/poisson_noise_bg_run661.01100_2_highres.fits.png,204.0,0.22726397649695476,0.25483979680796076,144.0
datasets/barred_galaxies/poisson_noise_bg_run670Diff.01100_3_highres.fits.png,96.0,0.02299713173429526,0.22250656542158256,300.0
datasets/barred_galaxies/poisson_noise_bg_starsrun708.00100_1_highres.fits.png,84.0,0.2159910049582827,0.2544916100930361,60.0
datasets/barred_galaxies/poisson_noise_bg_run677.00900_2_highres.fits.png,192.0,0.217396302533083,0.24417710818305716,144.0
datasets/barred_galaxies/poisson_noise_bg_run376.std_2_highres.fits.png,72.0,0.012167854771494777,0.28428794926150963,300.0
datasets/barred_galaxies/poisson_noise_bg_starsrun708main.00100_1_highres.fits.png,120.0,0.20382062850886273,0.2409000132629549,84.0
datasets/barred_galaxies/poisson_noise_bg_run688.00700_1_highres.fits.png,180.0,0.11272027469267074,0.12618846506564052,120.0
datasets/barred_galaxies/poisson_noise_bg_run680.01100_4_highres.fits.png,300.0,0.20777382815757758,0.22470205011869418,240.0
datasets/barred_galaxies/poisson_noise_bg_run662.01200_3_highres.fits.png,276.0,0.2091808437575411,0.23283354964265113,216.0
datasets/barred_galaxies/poisson_noise_bg_run672.01100_3_highres.fits.png,216.0,0.14788773447884734,0.17095215888192722,156.0
datasets/barred_galaxies/poisson_noise_bg_run700.00500_2_highres.fits.png,180.0,0.12967562802734775,0.1493211410014144,120.0
datasets/barred_galaxies/poisson_noise_bg_run677.01200_1_highres.fits.png,228.0,0.21498294682814395,0.23952854768557233,180.0
datasets/barred_galaxies/poisson_noise_bg_run700.00200_4_highres.fits.png,216.0,0.11447534103408182,0.1265354034996634,156.0
datasets/barred_galaxies/poisson_noise_bg_run671.00900_1_highres.fits.png,168.0,0.14206213897220774,0.1643997156498086,108.0
datasets/barred_galaxies/poisson_noise_bg_run662c.01300_3_highres.fits.png,192.0,0.17561544800482912,0.19688228454976925,144.0
datasets/barred_galaxies/poisson_noise_bg_run662.00700_1_highres.fits.png,192.0,0.18264172110810392,0.20727687743675746,144.0
datasets/barred_galaxies/poisson_noise_bg_run661.01300_4_highres.fits.png,216.0,0.21913921018636562,0.25674566965060697,132.0
datasets/barred_galaxies/poisson_noise_bg_run695.00800_3_highres.fits.png,96.0,0.15689651459328383,0.17283378621115122,72.0
datasets/barred_galaxies/poisson_noise_bg_run671.01000_4_highres.fits.png,204.0,0.14847354931728052,0.16319334353664183,156.0
datasets/barred_galaxies/poisson_noise_bg_starsrun708main.00400_1_highres.fits.png,108.0,0.2082449541294186,0.25392898171115424,72.0
datasets/barred_galaxies/poisson_noise_bg_starsrun708.00400_1_highres.fits.png,144.0,0.21492651119799352,0.23045470691203906,120.0
datasets/barred_galaxies/poisson_noise_bg_run670Diff.01400_3_highres.fits.png,132.0,0.03814592278963885,0.2118609234649457,300.0
datasets/barred_galaxies/poisson_noise_bg_run661.01400_2_highres.fits.png,216.0,0.2121376975867355,0.25893498697725925,120.0
datasets/barred_galaxies/poisson_noise_bg_run.201.std_3_highres.fits.png,72.0,0.01200291114285075,0.29382201331230273,300.0
datasets/barred_galaxies/poisson_noise_bg_run680.01300_2_highres.fits.png,300.0,0.2180108607511487,0.2180108607511487,300.0
datasets/barred_galaxies/poisson_noise_bg_run700.00700_4_highres.fits.png,252.0,0.11052186126474417,0.1269851199939554,168.0
datasets/barred_galaxies/poisson_noise_bg_run672.01400_3_highres.fits.png,168.0,0.16044301034574257,0.183401860121006,120.0
datasets/barred_galaxies/poisson_noise_bg_run653.01150_3_highres.fits.png,252.0,0.1972818109150481,0.22894816157877634,168.0
datasets/barred_galaxies/poisson_noise_bg_run680.01400_4_highres.fits.png,216.0,0.20159497061503567,0.26433724320496604,96.0
datasets/barred_galaxies/poisson_noise_bg_run688.00200_1_highres.fits.png,168.0,0.11419162505702198,0.12770363029614884,120.0
datasets/barred_galaxies/poisson_noise_bg_run670Diff.00600_3_highres.fits.png,96.0,0.16672787101143982,0.19953805333599586,60.0
datasets/barred_galaxies/poisson_noise_bg_starsrun708main.00300_3_highres.fits.png,168.0,0.19313904353802944,0.239754081533464,108.0
datasets/barred_galaxies/poisson_noise_bg_run.287.std_3_highres.fits.png,48.0,0.011022282347851999,0.3016077062027193,300.0
datasets/barred_galaxies/poisson_noise_bg_run672.00800_2_highres.fits.png,216.0,0.13499093253872615,0.15538286321837566,156.0
datasets/barred_galaxies/poisson_noise_bg_run652ht.00800_1_highres.fits.png,180.0,0.1950701295710611,0.2381390411729848,108.0
datasets/barred_galaxies/poisson_noise_bg_starsrun708.00300_3_highres.fits.png,156.0,0.19680899284920791,0.22965242945970935,108.0
datasets/barred_galaxies/poisson_noise_bg_run670Diff.01300_1_highres.fits.png,60.0,0.018625812043401604,0.20935051537552157,300.0
datasets/barred_galaxies/poisson_noise_bg_run700.00900_1_highres.fits.png,252.0,0.10653851851709804,0.11991924199659966,168.0
datasets/barred_galaxies/poisson_noise_bg_run661.00800_3_highres.fits.png,252.0,0.20364385414761577,0.2341246198765919,180.0
datasets/barred_galaxies/poisson_noise_bg_run695.01300_4_highres.fits.png,96.0,0.17573431249380989,0.20717956866501563,60.0
datasets/barred_galaxies/poisson_noise_bg_run662c.01100_1_highres.fits.png,204.0,0.1714221115836171,0.19814067429038754,144.0
datasets/barred_galaxies/poisson_noise_bg_run672.00600_3_highres.fits.png,132.0,0.10763957475234646,0.12039601522443183,72.0
datasets/barred_galaxies/poisson_noise_bg_run677.01000_3_highres.fits.png,204.0,0.21012539958884774,0.23608395884773106,156.0
datasets/barred_galaxies/poisson_noise_bg_run688.01000_1_highres.fits.png,192.0,0.11666494986403983,0.1291394778816182,144.0
datasets/barred_galaxies/poisson_noise_bg_run652ht.01300_2_highres.fits.png,84.0,0.03538958248314052,0.15935211643425648,300.0
datasets/barred_galaxies/poisson_noise_bg_run670Diff.00800_2_highres.fits.png,204.0,0.19219962245799388,0.22117840922391352,132.0
datasets/barred_galaxies/poisson_noise_bg_run652ht.01400_4_highres.fits.png,96.0,0.036918434269436126,0.1546982013967486,300.0
datasets/barred_galaxies/poisson_noise_bg_run672.01300_1_highres.fits.png,228.0,0.15753791558275873,0.17724285197349646,168.0
datasets/barred_galaxies/poisson_noise_bg_run662.01000_1_highres.fits.png,300.0,0.20825618190548775,0.23186462807890867,228.0
datasets/barred_galaxies/poisson_noise_bg_run695.01400_2_highres.fits.png,168.0,0.11581643366253429,0.13707295767309519,72.0
datasets/barred_galaxies/poisson_noise_bg_run688.00500_3_highres.fits.png,192.0,0.10316343389979687,0.1199131825697807,120.0
datasets/barred_galaxies/poisson_noise_bg_run.373.std_2_highres.fits.png,300.0,0.27576164448127444,0.28753491067856257,252.0
datasets/barred_galaxies/poisson_noise_bg_starsrun708.00600_3_highres.fits.png,180.0,0.20215111799487612,0.23714272560229738,132.0
datasets/barred_galaxies/poisson_noise_bg_run662.00900_4_highres.fits.png,228.0,0.20577698306052064,0.2388609890610327,168.0
datasets/barred_galaxies/poisson_noise_bg_run671.00700_4_highres.fits.png,192.0,0.13403880262663223,0.15241978737783085,144.0
datasets/barred_galaxies/poisson_noise_bg_run688.00900_4_highres.fits.png,192.0,0.10865227530610443,0.12611666197831578,120.0
datasets/barred_galaxies/poisson_noise_bg_starsrun708main.00600_3_highres.fits.png,168.0,0.21533366808505724,0.24401163022288624,120.0
datasets/barred_galaxies/poisson_noise_bg_run662c.00800_4_highres.fits.png,192.0,0.1689754318805956,0.19686315714108335,132.0
datasets/barred_galaxies/poisson_noise_bg_run653.00850_2_highres.fits.png,240.0,0.20440198397692874,0.2333248345589997,180.0
datasets/barred_galaxies/poisson_noise_bg_run700.01000_4_highres.fits.png,240.0,0.1163951705289713,0.1292430725619137,180.0
datasets/barred_galaxies/poisson_noise_bg_run653.01350_1_highres.fits.png,264.0,0.20874248128883116,0.23865134052902437,192.0
datasets/barred_galaxies/poisson_noise_bg_run695.01100_2_highres.fits.png,72.0,0.15820564034096568,0.1646211602746362,60.0
datasets/barred_galaxies/poisson_noise_bg_starsrun708.00800_2_highres.fits.png,192.0,0.2051908148454398,0.23781252124731447,144.0
datasets/barred_galaxies/poisson_noise_bg_run.252.s2.std_2_highres.fits.png,72.0,0.012815119964524661,0.2966268697079364,288.0
datasets/barred_galaxies/poisson_noise_bg_run652ht.01100_4_highres.fits.png,72.0,0.03624375874119087,0.18742439015832843,300.0
datasets/barred_galaxies/poisson_noise_bg_run699.00500_1_highres.fits.png,264.0,0.17462386183082365,0.20342223481577873,180.0
datasets/barred_galaxies/poisson_noise_bg_run653.00650_3_highres.fits.png,180.0,0.19987257369065656,0.23311272464782806,132.0
datasets/barred_galaxies/poisson_noise_bg_run662c.01400_1_highres.fits.png,216.0,0.17028124563095157,0.1987400876680445,144.0
datasets/barred_galaxies/poisson_noise_bg_starsrun708main.00800_2_highres.fits.png,204.0,0.20881298430030662,0.23936238000160004,156.0
datasets/barred_galaxies/poisson_noise_bg_run219_15000.std_3_highres.fits.png,264.0,0.24757597713548946,0.2837518896285148,192.0
datasets/barred_galaxies/poisson_noise_bg_starsrun708.00700_2_highres.fits.png,192.0,0.20226883294917625,0.2377382004194407,132.0
datasets/barred_galaxies/poisson_noise_bg_run.280.std_3_highres.fits.png,264.0,0.2432968993573076,0.28418107340926113,192.0
datasets/barred_galaxies/poisson_noise_bg_run671.01400_1_highres.fits.png,228.0,0.15290466067127095,0.1751929048591343,168.0
datasets/barred_galaxies/poisson_noise_bg_run653.00950_3_highres.fits.png,168.0,0.21104921662149748,0.24236068113422937,108.0
datasets/barred_galaxies/poisson_noise_bg_starsrun708main.00700_2_highres.fits.png,180.0,0.2108311323200389,0.24378400850280127,132.0
datasets/barred_galaxies/poisson_noise_bg_run.282.std_2_highres.fits.png,300.0,0.2565329654325004,0.2703232588784324,252.0
datasets/barred_galaxies/poisson_noise_bg_run700.00300_1_highres.fits.png,228.0,0.1165684037816159,0.12877977296518697,168.0
datasets/barred_galaxies/poisson_noise_bg_run364.std_1_highres.fits.png,300.0,0.27242228460697876,0.3016340694362121,228.0
datasets/barred_galaxies/poisson_noise_bg_run677.01300_4_highres.fits.png,252.0,0.20989123727723122,0.23600953012705475,192.0
datasets/barred_galaxies/poisson_noise_bg_starsrun708.00900_3_highres.fits.png,180.0,0.21936309097645118,0.2447036962390462,132.0
datasets/barred_galaxies/poisson_noise_bg_run662.00600_4_highres.fits.png,108.0,0.17177544754155877,0.19689112629632577,84.0
datasets/barred_galaxies/poisson_noise_bg_run.255.std_1_highres.fits.png,300.0,0.27783051231324707,0.28453800176922783,264.0
datasets/barred_galaxies/poisson_noise_bg_run695.01000_3_highres.fits.png,96.0,0.14697375252189185,0.17459942319198607,48.0
datasets/barred_galaxies/poisson_noise_bg_run671.00800_4_highres.fits.png,192.0,0.13877939520666918,0.15495262297626258,144.0
datasets/barred_galaxies/poisson_noise_bg_run688.00100_2_highres.fits.png,96.0,0.1487851976799198,0.1649510635609397,72.0
datasets/barred_galaxies/poisson_noise_bg_run680.01000_1_highres.fits.png,228.0,0.20263478199055798,0.2385064663612371,144.0
datasets/barred_galaxies/poisson_noise_bg_starsrun708main.00900_3_highres.fits.png,168.0,0.2138267091850595,0.24493055244813605,120.0
datasets/barred_galaxies/poisson_noise_bg_run688.00600_4_highres.fits.png,156.0,0.12350872030301965,0.13967780216987102,108.0
datasets/barred_galaxies/poisson_noise_bg_run653.00750_2_highres.fits.png,156.0,0.2048896647174233,0.23885560273303144,108.0
datasets/barred_galaxies/poisson_noise_bg_run662c.00700_4_highres.fits.png,180.0,0.19616060172381158,0.21602444401387572,144.0
datasets/barred_galaxies/poisson_noise_bg_run677.01400_2_highres.fits.png,216.0,0.21995891168145523,0.2507483299663506,156.0
datasets/barred_galaxies/poisson_noise_bg_run661.00700_3_highres.fits.png,180.0,0.19452581033791586,0.21930831175130383,132.0
datasets/barred_galaxies/poisson_noise_bg_starsrun708.00500_4_highres.fits.png,168.0,0.19769077485359135,0.22645178980962968,120.0
datasets/barred_galaxies/poisson_noise_bg_run672.00900_3_highres.fits.png,216.0,0.14340161637373197,0.16301136292527835,156.0
datasets/barred_galaxies/poisson_noise_bg_starsrun708main.00200_2_highres.fits.png,108.0,0.20066938095394038,0.24519323167692128,72.0
datasets/barred_galaxies/poisson_noise_bg_run670Diff.00700_2_highres.fits.png,240.0,0.1771163214425803,0.20408807911829505,180.0
datasets/barred_galaxies/poisson_noise_bg_run671.01100_1_highres.fits.png,216.0,0.14918984596953394,0.16733251339737845,156.0
datasets/barred_galaxies/poisson_noise_bg_run661.01200_1_highres.fits.png,264.0,0.21748729416586934,0.24976907998917175,192.0
datasets/barred_galaxies/poisson_noise_bg_starsrun708.00200_2_highres.fits.png,144.0,0.1955846796235297,0.22650729625572447,108.0
datasets/barred_galaxies/poisson_noise_bg_run.264.std_1_highres.fits.png,300.0,0.2835251554132405,0.2878413760484959,276.0
datasets/barred_galaxies/poisson_noise_bg_starsrun708main.00500_4_highres.fits.png,168.0,0.20570229577422502,0.23884759973560057,120.0
datasets/barred_galaxies/poisson_noise_bg_run670Diff.00900_3_highres.fits.png,300.0,0.2034855388992479,0.20449544476776682,288.0
datasets/barred_galaxies/poisson_noise_bg_run652ht.01200_3_highres.fits.png,276.0,0.19369331677415605,0.21237742519697622,192.0
datasets/barred_galaxies/poisson_noise_bg_run677.01100_2_highres.fits.png,192.0,0.22556754159988066,0.24971684704038763,144.0
datasets/barred_galaxies/poisson_noise_bg_run672.00700_2_highres.fits.png,216.0,0.1259178119565283,0.1441818977377607,144.0
datasets/barred_galaxies/poisson_noise_bg_run688.00300_4_highres.fits.png,156.0,0.12036129382959378,0.13375645411247047,108.0
datasets/barred_galaxies/poisson_noise_bg_run694.00600_3_highres.fits.png,300.0,0.18523834379058357,0.2174731564466702,216.0
datasets/barred_galaxies/poisson_noise_bg_run661.00900_2_highres.fits.png,276.0,0.2079174890443876,0.23519746258840626,204.0
datasets/barred_galaxies/poisson_noise_bg_run652ht.00700_1_highres.fits.png,204.0,0.17991260254594363,0.19922447545003857,156.0
datasets/barred_galaxies/poisson_noise_bg_run688.00400_2_highres.fits.png,156.0,0.11921444388539855,0.13062259704540802,120.0
datasets/barred_galaxies/poisson_noise_bg_run700.00600_1_highres.fits.png,216.0,0.1183996143350706,0.13246644841454688,144.0
datasets/barred_galaxies/poisson_noise_bg_run662c.01200_3_highres.fits.png,156.0,0.18271266234857114,0.2042648740935763,120.0
datasets/barred_galaxies/poisson_noise_bg_run671.00800_1_highres.fits.png,192.0,0.13946139500227356,0.15821663983962095,132.0
datasets/barred_galaxies/poisson_noise_bg_run.255.std_4_highres.fits.png,48.0,0.008066443402495134,0.28362576779837806,300.0
datasets/barred_galaxies/poisson_noise_bg_run662.00600_1_highres.fits.png,120.0,0.17238559339038562,0.19392531395365395,96.0
datasets/barred_galaxies/poisson_noise_bg_run677.01300_1_highres.fits.png,180.0,0.21653953994472563,0.25626520681010173,120.0
datasets/barred_galaxies/poisson_noise_bg_run364.std_4_highres.fits.png,276.0,0.26828799824390703,0.29836784150354473,204.0
datasets/barred_galaxies/poisson_noise_bg_run700.00300_4_highres.fits.png,228.0,0.1093906156208163,0.12469031873930973,156.0
datasets/barred_galaxies/poisson_noise_bg_run662.01300_3_highres.fits.png,216.0,0.20394419733510172,0.24707150726971921,132.0
datasets/barred_galaxies/poisson_noise_bg_run662c.00700_1_highres.fits.png,168.0,0.1934665277453766,0.21342638171498227,132.0
datasets/barred_galaxies/poisson_noise_bg_run672.01000_3_highres.fits.png,240.0,0.14482795376085103,0.16469563338801035,180.0
datasets/barred_galaxies/poisson_noise_bg_run700.00400_2_highres.fits.png,180.0,0.12484522602253015,0.14246062061073994,120.0
datasets/barred_galaxies/poisson_noise_bg_run688.00600_1_highres.fits.png,192.0,0.11115933046483038,0.12524185326955758,132.0
datasets/barred_galaxies/poisson_noise_bg_run680.01000_4_highres.fits.png,144.0,0.2200462807138383,0.263178108087981,84.0
datasets/barred_galaxies/poisson_noise_bg_run671.01400_4_highres.fits.png,228.0,0.1470181720669848,0.16469391386898646,168.0
datasets/barred_galaxies/poisson_noise_bg_run670Diff.01000_3_highres.fits.png,48.0,0.01876008276283964,0.21607677202340697,300.0
datasets/barred_galaxies/poisson_noise_bg_run677.00800_2_highres.fits.png,192.0,0.21315279318509373,0.24245450784078065,144.0
datasets/barred_galaxies/poisson_noise_bg_run671.01300_2_highres.fits.png,156.0,0.1592229651837555,0.18158804320457583,108.0
datasets/barred_galaxies/poisson_noise_bg_run661.01000_2_highres.fits.png,192.0,0.21403812477845044,0.24546452210572897,132.0
datasets/barred_galaxies/poisson_noise_bg_run653.01050_3_highres.fits.png,288.0,0.19617181458867763,0.21725329216861766,216.0
datasets/barred_galaxies/poisson_noise_bg_run688.00300_1_highres.fits.png,144.0,0.12018938492228563,0.14201689230738973,96.0
datasets/barred_galaxies/poisson_noise_bg_run699.00600_3_highres.fits.png,288.0,0.18811678863979117,0.21779212629559064,204.0
datasets/barred_galaxies/poisson_noise_bg_run700.00100_2_highres.fits.png,132.0,0.13129916321779714,0.14956051546134227,96.0
datasets/barred_galaxies/poisson_noise_bg_run700.00600_4_highres.fits.png,192.0,0.12833267887142866,0.13710641609753477,144.0
datasets/barred_galaxies/poisson_noise_bg_run680.01200_2_highres.fits.png,300.0,0.21493744274915413,0.2158841133882358,288.0
datasets/barred_galaxies/poisson_noise_bg_run652ht.00700_4_highres.fits.png,144.0,0.18407366241343334,0.23526642947607382,72.0
datasets/barred_galaxies/poisson_noise_bg_starsrun708main.01000_3_highres.fits.png,216.0,0.21015803043188552,0.23706634924118883,156.0
datasets/barred_galaxies/poisson_noise_bg_run.240.std_3_highres.fits.png,300.0,0.26756069658468856,0.29916320456684425,228.0
datasets/barred_galaxies/poisson_noise_bg_starsrun708.00500_1_highres.fits.png,168.0,0.20641426745728406,0.23063687754678497,132.0
datasets/barred_galaxies/poisson_noise_bg_run670Diff.01500_3_highres.fits.png,300.0,0.223049309295571,0.2249903048981847,276.0
datasets/barred_galaxies/poisson_noise_bg_starsrun708main.00500_1_highres.fits.png,120.0,0.21632786992510894,0.24698779674755988,84.0
datasets/barred_galaxies/poisson_noise_bg_run.264.std_4_highres.fits.png,300.0,0.27222731481100343,0.28076785267162824,264.0
datasets/barred_galaxies/poisson_noise_bg_starsrun708.01000_3_highres.fits.png,156.0,0.19852039817243924,0.23559311742103015,108.0
datasets/barred_galaxies/poisson_noise_bg_run661.01200_4_highres.fits.png,300.0,0.22799296476023848,0.24457917447138672,240.0
datasets/barred_galaxies/poisson_noise_bg_run695.00900_3_highres.fits.png,84.0,0.1517819874360647,0.17026762174861895,60.0
datasets/barred_galaxies/poisson_noise_bg_run671.01100_4_highres.fits.png,240.0,0.1413777613747284,0.16420985526031764,168.0
datasets/barred_galaxies/poisson_noise_bg_run672.01400_2_highres.fits.png,228.0,0.14986376243112193,0.1763936663188619,156.0
datasets/barred_galaxies/poisson_noise_bg_run688.01000_4_highres.fits.png,180.0,0.11298414344078543,0.12816493241969926,120.0
datasets/barred_galaxies/poisson_noise_bg_run662c.01100_4_highres.fits.png,204.0,0.1735426804979087,0.19758714314993472,144.0
datasets/barred_galaxies/poisson_noise_bg_run653.01150_2_highres.fits.png,288.0,0.1988356126405865,0.2215082932827309,216.0
datasets/barred_galaxies/poisson_noise_bg_run695.01300_1_highres.fits.png,192.0,0.11616804060477204,0.1434386981986152,84.0
datasets/barred_galaxies/poisson_noise_bg_run680.01300_3_highres.fits.png,252.0,0.20824316006406637,0.2395710030214,168.0
datasets/barred_galaxies/poisson_noise_bg_run662.01000_4_highres.fits.png,192.0,0.21459380097459543,0.24762467472615549,132.0
datasets/barred_galaxies/poisson_noise_bg_run652ht.01400_1_highres.fits.png,60.0,0.02886775237413495,0.16110312976679025,300.0
datasets/barred_galaxies/poisson_noise_bg_run672.01300_4_highres.fits.png,192.0,0.15767606134852202,0.17734435910370178,144.0
datasets/barred_galaxies/poisson_noise_bg_run670Diff.01400_2_highres.fits.png,300.0,0.22593508475382817,0.2279728140405602,276.0
datasets/barred_galaxies/poisson_noise_bg_run.201.std_2_highres.fits.png,300.0,0.24358706150688855,0.28590747725202664,216.0
datasets/barred_galaxies/poisson_noise_bg_run661.01400_3_highres.fits.png,300.0,0.2359269431009649,0.24185802136006893,264.0
datasets/barred_galaxies/poisson_noise_bg_run700.00900_4_highres.fits.png,204.0,0.13177031031072867,0.14897865414692926,132.0
datasets/barred_galaxies/poisson_noise_bg_run695.00800_2_highres.fits.png,96.0,0.15456346347596314,0.16703786661256215,72.0
datasets/barred_galaxies/poisson_noise_bg_run670Diff.01300_4_highres.fits.png,276.0,0.2010510982202479,0.2295347015871451,192.0
datasets/barred_galaxies/poisson_noise_bg_run652ht.00800_4_highres.fits.png,168.0,0.20712277601459048,0.23774466846097075,108.0
datasets/barred_galaxies/poisson_noise_bg_run699.00500_4_highres.fits.png,300.0,0.18277780339725228,0.2076171444955649,228.0
datasets/barred_galaxies/poisson_noise_bg_run652ht.01100_1_highres.fits.png,72.0,0.036482029071875734,0.19013664284400328,300.0
datasets/barred_galaxies/poisson_noise_bg_run653.01350_4_highres.fits.png,300.0,0.20691443315044697,0.23534015272922734,216.0
datasets/barred_galaxies/poisson_noise_bg_run700.01000_1_highres.fits.png,192.0,0.12747757476131416,0.14660286609118897,132.0
datasets/barred_galaxies/poisson_noise_bg_run662c.01300_2_highres.fits.png,168.0,0.18311618333688692,0.20279617350601153,120.0
datasets/barred_galaxies/poisson_noise_bg_run662c.01400_4_highres.fits.png,204.0,0.17063955654614243,0.19732694574978843,144.0
datasets/barred_galaxies/poisson_noise_bg_run700.00500_3_highres.fits.png,156.0,0.13304017390865244,0.15933425096575135,96.0
datasets/barred_galaxies/poisson_noise_bg_run672.01100_2_highres.fits.png,180.0,0.15881914566217006,0.17901711807501608,132.0
datasets/barred_galaxies/poisson_noise_bg_run662.01200_2_highres.fits.png,276.0,0.20055833246575672,0.2258891088067514,204.0
datasets/barred_galaxies/poisson_noise_bg_run376.std_3_highres.fits.png,276.0,0.26053441310721587,0.2977132658116804,204.0
datasets/barred_galaxies/poisson_noise_bg_run671.00700_1_highres.fits.png,204.0,0.12554903336051476,0.14915655666788546,132.0
datasets/barred_galaxies/poisson_noise_bg_run662.00900_1_highres.fits.png,216.0,0.2072788502062862,0.23378745471398904,168.0
datasets/barred_galaxies/poisson_noise_bg_run661.01100_3_highres.fits.png,204.0,0.20736304606308864,0.2520397999408891,120.0
datasets/barred_galaxies/poisson_noise_bg_run671.01200_3_highres.fits.png,180.0,0.1575289199984496,0.17477044625809415,132.0
datasets/barred_galaxies/poisson_noise_bg_run662c.00800_1_highres.fits.png,216.0,0.17200081230666694,0.19972076294644436,144.0
datasets/barred_galaxies/poisson_noise_bg_run677.00900_3_highres.fits.png,168.0,0.21723922629322182,0.25002383336821654,120.0
datasets/barred_galaxies/poisson_noise_bg_run688.00900_1_highres.fits.png,192.0,0.11024619986225177,0.12316887815776126,132.0
datasets/barred_galaxies/poisson_noise_bg_run670Diff.01100_2_highres.fits.png,144.0,0.035476180168935084,0.23104479025133687,300.0
datasets/barred_galaxies/poisson_noise_bg_run653.00650_2_highres.fits.png,192.0,0.19248978850123097,0.23046952293115042,132.0
datasets/barred_galaxies/poisson_noise_bg_starsrun708main.00800_3_highres.fits.png,192.0,0.20790693146596906,0.23639564849344927,144.0
datasets/barred_galaxies/poisson_noise_bg_run219_15000.std_2_highres.fits.png,300.0,0.2673372674879235,0.28673575392267986,240.0
datasets/barred_galaxies/poisson_noise_bg_run680.01100_1_highres.fits.png,300.0,0.20678354612389233,0.22375451747869093,240.0
datasets/barred_galaxies/poisson_noise_bg_run688.00700_4_highres.fits.png,156.0,0.12092800774795048,0.13878914682064136,108.0
datasets/barred_galaxies/poisson_noise_bg_run662.00700_4_highres.fits.png,228.0,0.18976099485488238,0.2194855496424529,168.0
datasets/barred_galaxies/poisson_noise_bg_starsrun708.00800_3_highres.fits.png,108.0,0.20253202815872107,0.22383947318341998,72.0
datasets/barred_galaxies/poisson_noise_bg_run695.01100_3_highres.fits.png,72.0,0.15197026914798628,0.158983437946031,60.0
datasets/barred_galaxies/poisson_noise_bg_run671.00900_4_highres.fits.png,180.0,0.1414857794385802,0.1709543821640685,108.0
datasets/barred_galaxies/poisson_noise_bg_run700.00200_1_highres.fits.png,216.0,0.1166794348742517,0.12842225469276855,156.0
datasets/barred_galaxies/poisson_noise_bg_run677.01200_4_highres.fits.png,240.0,0.20618588787466308,0.24096893064461472,168.0
datasets/barred_galaxies/poisson_noise_bg_run.252.s2.std_3_highres.fits.png,72.0,0.012529227653048978,0.29975816751421325,288.0
datasets/barred_galaxies/poisson_noise_bg_starsrun708main.00600_2_highres.fits.png,180.0,0.2156298385709057,0.2417153536209493,132.0
datasets/barred_galaxies/poisson_noise_bg_starsrun708.00100_4_highres.fits.png,132.0,0.1992591219552864,0.23583968214234843,96.0
datasets/barred_galaxies/poisson_noise_bg_run653.00850_3_highres.fits.png,240.0,0.20252912821297803,0.2275365438678275,180.0
datasets/barred_galaxies/poisson_noise_bg_run.373.std_3_highres.fits.png,300.0,0.2867680500076452,0.28894076617787356,276.0
datasets/barred_galaxies/poisson_noise_bg_starsrun708main.00100_4_highres.fits.png,108.0,0.20525194152250817,0.23869337721585912,84.0
datasets/barred_galaxies/poisson_noise_bg_starsrun708.00600_2_highres.fits.png,120.0,0.18661447102455364,0.22276767536125203,84.0
datasets/barred_galaxies/poisson_noise_bg_run700.00700_1_highres.fits.png,204.0,0.11925663455700979,0.1323551699161413,144.0
datasets/barred_galaxies/poisson_noise_bg_run688.00500_2_highres.fits.png,144.0,0.13005368119263022,0.15060628702942783,96.0
datasets/barred_galaxies/poisson_noise_bg_run695.01400_3_highres.fits.png,108.0,0.13431023461721758,0.14234874707478984,84.0
datasets/barred_galaxies/poisson_noise_bg_run688.00200_4_highres.fits.png,180.0,0.1151540008302428,0.13349073233608058,120.0
datasets/barred_galaxies/poisson_noise_bg_run672.00600_2_highres.fits.png,60.0,0.12444158494548002,0.12856035061880425,48.0
datasets/barred_galaxies/poisson_noise_bg_run680.01400_1_highres.fits.png,300.0,0.21669693048162794,0.21669693048162794,300.0
datasets/barred_galaxies/poisson_noise_bg_run661.00800_2_highres.fits.png,300.0,0.19708260064427308,0.22921069497534896,216.0
datasets/barred_galaxies/poisson_noise_bg_run670Diff.00800_3_highres.fits.png,300.0,0.19127763831781266,0.20740392868709503,240.0
datasets/barred_galaxies/poisson_noise_bg_run677.01000_2_highres.fits.png,168.0,0.22642890642889368,0.25526433549743366,132.0
datasets/barred_galaxies/poisson_noise_bg_run652ht.01300_3_highres.fits.png,300.0,0.18586983193794096,0.18586983193794096,300.0
datasets/barred_galaxies/poisson_noise_bg_starsrun708.00300_2_highres.fits.png,120.0,0.1797278591808954,0.2051470736818736,84.0
datasets/barred_galaxies/poisson_noise_bg_starsrun708main.00400_4_highres.fits.png,156.0,0.20331807894687418,0.2411902002566922,108.0
datasets/barred_galaxies/poisson_noise_bg_run671.01000_1_highres.fits.png,168.0,0.15613574303170083,0.17573530920408553,108.0
datasets/barred_galaxies/poisson_noise_bg_run661.01300_1_highres.fits.png,300.0,0.23620659836343894,0.2387709106341316,276.0
datasets/barred_galaxies/poisson_noise_bg_run670Diff.00600_2_highres.fits.png,120.0,0.17821849373680507,0.19721326190273353,96.0
datasets/barred_galaxies/poisson_noise_bg_starsrun708.00400_4_highres.fits.png,168.0,0.20535662776906388,0.2334424934269955,120.0
datasets/barred_galaxies/poisson_noise_bg_run.287.std_2_highres.fits.png,48.0,0.011557485998952906,0.2931893716059466,300.0
datasets/barred_galaxies/poisson_noise_bg_run672.00800_3_highres.fits.png,228.0,0.13227943826925545,0.1532712878866543,156.0
datasets/barred_galaxies/poisson_noise_bg_starsrun708main.00300_2_highres.fits.png,144.0,0.207591193092006,0.2389487498921538,108.0
datasets/barred_galaxies/poisson_noise_bg_run688.00400_3_highres.fits.png,180.0,0.11043260938719549,0.12288575433628995,132.0
datasets/barred_galaxies/poisson_noise_bg_run672.01200_1_highres.fits.png,180.0,0.15744709617286812,0.17777722865043902,132.0
datasets/barred_galaxies/poisson_noise_bg_run662.01100_1_highres.fits.png,300.0,0.21624702511266694,0.2377415715644061,228.0
datasets/barred_galaxies/poisson_noise_bg_run652ht.01200_2_highres.fits.png,300.0,0.18894862050154532,0.18894862050154532,300.0
datasets/barred_galaxies/poisson_noise_bg_run677.01100_3_highres.fits.png,120.0,0.23762658759514163,0.26494773824875795,84.0
datasets/barred_galaxies/poisson_noise_bg_run670Diff.00900_2_highres.fits.png,300.0,0.2095834702848397,0.22333345797100074,252.0
datasets/barred_galaxies/poisson_noise_bg_run661.00900_3_highres.fits.png,300.0,0.20114079133831625,0.22349771608523383,228.0
datasets/barred_galaxies/poisson_noise_bg_run695.01200_4_highres.fits.png,96.0,0.14539750731814866,0.15294635534507278,72.0
datasets/barred_galaxies/poisson_noise_bg_run672.00700_3_highres.fits.png,228.0,0.11856506216637402,0.1406370861877817,144.0
datasets/barred_galaxies/poisson_noise_bg_run662c.01000_1_highres.fits.png,192.0,0.17360558157277917,0.19815420135956835,144.0
datasets/barred_galaxies/poisson_noise_bg_run694.00600_2_highres.fits.png,300.0,0.18784934452948182,0.21833978975204543,216.0
datasets/barred_galaxies/poisson_noise_bg_run700.00800_1_highres.fits.png,300.0,0.1084411594589352,0.12665465541888352,180.0
datasets/barred_galaxies/poisson_noise_bg_run652ht.00900_1_highres.fits.png,300.0,0.18885657860294364,0.19414380460413747,264.0
datasets/barred_galaxies/poisson_noise_bg_starsrun708.00200_3_highres.fits.png,156.0,0.19909784177519874,0.22625393439386765,108.0
datasets/barred_galaxies/poisson_noise_bg_run670Diff.01200_1_highres.fits.png,48.0,0.02032246114927129,0.22495560136955658,300.0
datasets/barred_galaxies/poisson_noise_bg_starsrun708main.00200_3_highres.fits.png,84.0,0.22407648512675402,0.25913169601091607,60.0
datasets/barred_galaxies/poisson_noise_bg_run672.00900_2_highres.fits.png,216.0,0.14393162064527373,0.1653898545499628,156.0
datasets/barred_galaxies/poisson_noise_bg_run661.00700_2_highres.fits.png,264.0,0.1823840461292435,0.2147566260338953,180.0
datasets/barred_galaxies/poisson_noise_bg_run670Diff.00700_3_highres.fits.png,144.0,0.19559643528879656,0.22747064186084526,96.0
datasets/barred_galaxies/poisson_noise_bg_starsrun708main.00900_2_highres.fits.png,204.0,0.20772224232967465,0.24144509491652483,144.0
datasets/barred_galaxies/poisson_noise_bg_run677.01400_3_highres.fits.png,204.0,0.22417430098434052,0.2536522459595379,156.0
datasets/barred_galaxies/poisson_noise_bg_run653.00750_3_highres.fits.png,192.0,0.21321430063928345,0.24026434609513292,144.0
datasets/barred_galaxies/poisson_noise_bg_run652ht.01000_4_highres.fits.png,300.0,0.19044480676557218,0.19044480676557218,300.0
datasets/barred_galaxies/poisson_noise_bg_run.282.std_3_highres.fits.png,288.0,0.2365783664550492,0.2722483314319355,204.0
datasets/barred_galaxies/poisson_noise_bg_run688.00100_3_highres.fits.png,168.0,0.12138156733593307,0.14192794509233692,96.0
datasets/barred_galaxies/poisson_noise_bg_run694.00400_4_highres.fits.png,264.0,0.19359201242915441,0.21649152849365932,192.0
datasets/barred_galaxies/poisson_noise_bg_run653.01250_1_highres.fits.png,276.0,0.19816655977931227,0.22075148723009616,216.0
datasets/barred_galaxies/poisson_noise_bg_run695.01000_2_highres.fits.png,84.0,0.15333617832212143,0.1687194650073513,60.0
datasets/barred_galaxies/poisson_noise_bg_starsrun708.00900_2_highres.fits.png,156.0,0.21329266007744163,0.2394284866588971,120.0
datasets/barred_galaxies/poisson_noise_bg_run662c.00900_4_highres.fits.png,204.0,0.17380727585569328,0.2004958093998667,144.0
datasets/barred_galaxies/poisson_noise_bg_run653.00950_2_highres.fits.png,288.0,0.1845708674249829,0.20713709775935618,216.0
datasets/barred_galaxies/poisson_noise_bg_starsrun708main.00700_3_highres.fits.png,192.0,0.21423759348406327,0.24234447416916022,144.0
datasets/barred_galaxies/poisson_noise_bg_run662.00800_4_highres.fits.png,204.0,0.2064058227849708,0.23215642279196896,144.0
datasets/barred_galaxies/poisson_noise_bg_starsrun708.00700_3_highres.fits.png,144.0,0.20585441461338885,0.23350079537010116,96.0
datasets/barred_galaxies/poisson_noise_bg_run671.00600_4_highres.fits.png,120.0,0.11575179803083722,0.13071766412512437,84.0
datasets/barred_galaxies/poisson_noise_bg_run.280.std_2_highres.fits.png,300.0,0.24293864534498827,0.2834163570964972,216.0
datasets/barred_galaxies/poisson_noise_bg_run652ht.01400_2_highres.fits.png,96.0,0.03656900176884827,0.16002905608144802,300.0
datasets/barred_galaxies/poisson_noise_bg_run695.01400_4_highres.fits.png,108.0,0.1328781080221943,0.1427183695544003,84.0
datasets/barred_galaxies/poisson_noise_bg_run653.01150_1_highres.fits.png,204.0,0.21552032606310698,0.23848731887842223,156.0
datasets/barred_galaxies/poisson_noise_bg_run688.00200_3_highres.fits.png,168.0,0.11710298969611836,0.12921744958339224,120.0
datasets/barred_galaxies/poisson_noise_bg_run695.01300_2_highres.fits.png,120.0,0.12547685528128982,0.1364969698649759,72.0
datasets/barred_galaxies/poisson_noise_bg_run670Diff.00800_4_highres.fits.png,252.0,0.19773106245398706,0.22799093846847016,180.0
datasets/barred_galaxies/poisson_noise_bg_run652ht.01300_4_highres.fits.png,60.0,0.029748694038524058,0.1650569222757105,300.0
datasets/barred_galaxies/poisson_noise_bg_run672.01400_1_highres.fits.png,192.0,0.1586413883365857,0.18782087143142484,120.0
datasets/barred_galaxies/poisson_noise_bg_starsrun708main.00400_3_highres.fits.png,120.0,0.2168651008674908,0.24550997058139126,84.0
datasets/barred_galaxies/poisson_noise_bg_run695.00800_1_highres.fits.png,96.0,0.1578690182159702,0.1706761572136489,72.0
datasets/barred_galaxies/poisson_noise_bg_run.201.std_1_highres.fits.png,300.0,0.2797973867891321,0.2918653558778678,252.0
datasets/barred_galaxies/poisson_noise_bg_starsrun708.00400_3_highres.fits.png,120.0,0.19501578664600516,0.22464561934266544,84.0
datasets/barred_galaxies/poisson_noise_bg_run670Diff.01400_1_highres.fits.png,144.0,0.03696621383912515,0.20250443143628588,300.0
datasets/barred_galaxies/poisson_noise_bg_run672.00800_4_highres.fits.png,204.0,0.13328199775121738,0.14832630896179155,156.0
datasets/barred_galaxies/poisson_noise_bg_run672.01100_1_highres.fits.png,144.0,0.1644099659266054,0.18052000942555976,96.0
datasets/barred_galaxies/poisson_noise_bg_run662.01200_1_highres.fits.png,300.0,0.20903942279577603,0.22477192494721177,240.0
datasets/barred_galaxies/poisson_noise_bg_run688.00700_3_highres.fits.png,132.0,0.13243986136612207,0.1573491921450405,84.0
datasets/barred_galaxies/poisson_noise_bg_starsrun708main.00800_4_highres.fits.png,204.0,0.2045085611806695,0.23660295416122068,144.0
datasets/barred_galaxies/poisson_noise_bg_run695.01100_4_highres.fits.png,96.0,0.1479435743535148,0.16106279556340672,72.0
datasets/barred_galaxies/poisson_noise_bg_run662.00700_3_highres.fits.png,192.0,0.20817834805646623,0.23287764389236626,144.0
datasets/barred_galaxies/poisson_noise_bg_starsrun708.00800_4_highres.fits.png,156.0,0.20527858432965765,0.2385846997972464,108.0
datasets/barred_galaxies/poisson_noise_bg_run671.00900_3_highres.fits.png,180.0,0.15332933135125873,0.16761847340530758,132.0
datasets/barred_galaxies/poisson_noise_bg_run662c.01300_1_highres.fits.png,180.0,0.16734807906259752,0.19546986444193803,120.0
datasets/barred_galaxies/poisson_noise_bg_run700.01000_2_highres.fits.png,264.0,0.1123369282826614,0.12505769321033366,180.0
datasets/barred_galaxies/poisson_noise_bg_run652ht.01100_2_highres.fits.png,300.0,0.19286616158590453,0.1936575512808308,288.0
datasets/barred_galaxies/poisson_noise_bg_run677.01200_3_highres.fits.png,228.0,0.2163192454769298,0.2467472750635893,168.0
datasets/barred_galaxies/poisson_noise_bg_run.252.s2.std_4_highres.fits.png,300.0,0.2921951089051084,0.2951998077674665,276.0
datasets/barred_galaxies/poisson_noise_bg_run688.00900_2_highres.fits.png,108.0,0.14905002505268133,0.17653317723691297,72.0
datasets/barred_galaxies/poisson_noise_bg_run670Diff.01100_1_highres.fits.png,300.0,0.2040973833805834,0.22326360778769372,240.0
datasets/barred_galaxies/poisson_noise_bg_starsrun708.00100_3_highres.fits.png,132.0,0.20604130874239623,0.23446754446904783,96.0
datasets/barred_galaxies/poisson_noise_bg_run662c.00800_2_highres.fits.png,192.0,0.18028963299142062,0.20684093564046252,144.0
datasets/barred_galaxies/poisson_noise_bg_run653.00850_4_highres.fits.png,180.0,0.19889058030225054,0.23660226874637777,120.0
datasets/barred_galaxies/poisson_noise_bg_run.373.std_4_highres.fits.png,276.0,0.25620098473448844,0.2957872224557264,192.0
datasets/barred_galaxies/poisson_noise_bg_run671.00700_2_highres.fits.png,144.0,0.1489430790826788,0.17104051559497513,96.0
datasets/barred_galaxies/poisson_noise_bg_starsrun708main.00100_3_highres.fits.png,84.0,0.20867294490043378,0.24262568623866135,60.0
datasets/barred_galaxies/poisson_noise_bg_run662.00900_2_highres.fits.png,288.0,0.20983494309273468,0.24343584569967236,204.0
datasets/barred_galaxies/poisson_noise_bg_run688.00600_2_highres.fits.png,156.0,0.12080390802800685,0.13535145346501964,108.0
datasets/barred_galaxies/poisson_noise_bg_run700.00400_1_highres.fits.png,180.0,0.12874729625265088,0.1399946160211249,132.0
datasets/barred_galaxies/poisson_noise_bg_run653.00750_4_highres.fits.png,216.0,0.20425205834628962,0.24304322910299783,144.0
datasets/barred_galaxies/poisson_noise_bg_run677.01400_4_highres.fits.png,252.0,0.2108525185733426,0.23804195913163007,192.0
datasets/barred_galaxies/poisson_noise_bg_run662c.00700_2_highres.fits.png,180.0,0.1852173119192477,0.21519947479173868,132.0
datasets/barred_galaxies/poisson_noise_bg_run.282.std_4_highres.fits.png,300.0,0.2572725157579724,0.26290223496771487,264.0
datasets/barred_galaxies/poisson_noise_bg_run677.01300_2_highres.fits.png,216.0,0.22201302655971106,0.2489334270690059,168.0
datasets/barred_galaxies/poisson_noise_bg_run652ht.01000_3_highres.fits.png,300.0,0.1929210948611883,0.1929210948611883,300.0
datasets/barred_galaxies/poisson_noise_bg_run694.00400_3_highres.fits.png,288.0,0.19399288810107765,0.2170760689831823,216.0
datasets/barred_galaxies/poisson_noise_bg_run688.00100_4_highres.fits.png,144.0,0.12270241352297305,0.1403638672372909,108.0
datasets/barred_galaxies/poisson_noise_bg_run671.00800_2_highres.fits.png,192.0,0.14084231006274883,0.15586692125565668,144.0
datasets/barred_galaxies/poisson_noise_bg_run662.00600_2_highres.fits.png,96.0,0.16694173428378442,0.19616513426985,72.0
datasets/barred_galaxies/poisson_noise_bg_run662c.00900_3_highres.fits.png,180.0,0.17761603064234638,0.2017420646802954,132.0
datasets/barred_galaxies/poisson_noise_bg_run671.01300_1_highres.fits.png,156.0,0.15426783786883183,0.17563438760978228,108.0
datasets/barred_galaxies/poisson_noise_bg_run661.01000_1_highres.fits.png,180.0,0.21441936926818292,0.25354202256986763,108.0
datasets/barred_galaxies/poisson_noise_bg_starsrun708main.00700_4_highres.fits.png,144.0,0.21160292210186812,0.24986594960417038,96.0
datasets/barred_galaxies/poisson_noise_bg_run677.00800_1_highres.fits.png,192.0,0.2111712596484143,0.24198728714544784,144.0
datasets/barred_galaxies/poisson_noise_bg_run662.00800_3_highres.fits.png,204.0,0.20170682602232937,0.2350642415433964,144.0
datasets/barred_galaxies/poisson_noise_bg_starsrun708.00700_4_highres.fits.png,132.0,0.21896800313749107,0.23707338651282503,108.0
datasets/barred_galaxies/poisson_noise_bg_run671.00600_3_highres.fits.png,144.0,0.10559093686497088,0.12027263559141714,72.0
datasets/barred_galaxies/poisson_noise_bg_run688.00400_4_highres.fits.png,168.0,0.12004110345665968,0.13131000388532596,120.0
datasets/barred_galaxies/poisson_noise_bg_run680.01200_1_highres.fits.png,276.0,0.19855883723928788,0.23425828922209024,180.0
datasets/barred_galaxies/poisson_noise_bg_run677.01100_4_highres.fits.png,204.0,0.22040813753307428,0.24690834360419456,156.0
datasets/barred_galaxies/poisson_noise_bg_run700.00100_1_highres.fits.png,168.0,0.12773886862052553,0.14030650357492316,132.0
datasets/barred_galaxies/poisson_noise_bg_run695.01200_3_highres.fits.png,120.0,0.1384599090677127,0.15301356789587198,72.0
datasets/barred_galaxies/poisson_noise_bg_run661.00900_4_highres.fits.png,204.0,0.21865190070436405,0.2525383434996917,144.0
datasets/barred_galaxies/poisson_noise_bg_run688.00300_2_highres.fits.png,108.0,0.15062876631077324,0.1732353566565058,72.0
datasets/barred_galaxies/poisson_noise_bg_run672.00700_4_highres.fits.png,180.0,0.13505810193912487,0.15775114996472367,120.0
datasets/barred_galaxies/poisson_noise_bg_starsrun708main.00500_2_highres.fits.png,168.0,0.2140397966407762,0.24128973468460338,132.0
datasets/barred_galaxies/poisson_noise_bg_starsrun708.00200_4_highres.fits.png,108.0,0.19188892915172753,0.21899357070677242,72.0
datasets/barred_galaxies/poisson_noise_bg_starsrun708main.00200_4_highres.fits.png,132.0,0.20619228503521073,0.24211742879684056,96.0
datasets/barred_galaxies/poisson_noise_bg_starsrun708.00500_2_highres.fits.png,120.0,0.2022320144951561,0.22964189992988474,84.0
datasets/barred_galaxies/poisson_noise_bg_run670Diff.00700_4_highres.fits.png,252.0,0.17373860529954194,0.20112691173078118,180.0
datasets/barred_galaxies/poisson_noise_bg_run694.00600_1_highres.fits.png,240.0,0.18526506109698218,0.20737367795441036,168.0
datasets/barred_galaxies/poisson_noise_bg_run662c.01000_2_highres.fits.png,192.0,0.17268845900543356,0.19838297504423744,144.0
datasets/barred_galaxies/poisson_noise_bg_run653.01050_4_highres.fits.png,264.0,0.19257940102997229,0.2227347095533477,180.0
datasets/barred_galaxies/poisson_noise_bg_run652ht.01200_1_highres.fits.png,72.0,0.03315936494273733,0.1788216878761472,300.0
datasets/barred_galaxies/poisson_noise_bg_run699.00600_4_highres.fits.png,264.0,0.1787545164076013,0.2086931179591139,180.0
datasets/barred_galaxies/poisson_noise_bg_run670Diff.00900_1_highres.fits.png,216.0,0.192718411099406,0.22832329675527815,132.0
datasets/barred_galaxies/poisson_noise_bg_run672.01200_2_highres.fits.png,204.0,0.15849422487945847,0.1787004003895297,144.0
datasets/barred_galaxies/poisson_noise_bg_run700.00600_3_highres.fits.png,144.0,0.1417706891703849,0.15481818630091262,108.0
datasets/barred_galaxies/poisson_noise_bg_run662.01100_2_highres.fits.png,288.0,0.20414465826210207,0.23100497962078592,216.0
datasets/barred_galaxies/poisson_noise_bg_run652ht.00700_3_highres.fits.png,216.0,0.15963255980516516,0.17846765972502382,168.0
datasets/barred_galaxies/poisson_noise_bg_starsrun708main.01000_4_highres.fits.png,204.0,0.20809771833737783,0.23405891124492173,156.0
datasets/barred_galaxies/poisson_noise_bg_run.240.std_4_highres.fits.png,72.0,0.013203936404756412,0.29255085332125996,300.0
datasets/barred_galaxies/poisson_noise_bg_run672.00900_1_highres.fits.png,204.0,0.1485880303405059,0.1636528123425785,156.0
datasets/barred_galaxies/poisson_noise_bg_run670Diff.01500_4_highres.fits.png,144.0,0.03754971765867708,0.1936452413541652,300.0
datasets/barred_galaxies/poisson_noise_bg_run661.00700_1_highres.fits.png,264.0,0.18324764585287626,0.20878786810493918,192.0
datasets/barred_galaxies/poisson_noise_bg_run652ht.00900_2_highres.fits.png,300.0,0.18797864046784538,0.19296822819268467,264.0
datasets/barred_galaxies/poisson_noise_bg_run670Diff.01200_2_highres.fits.png,48.0,0.018827542376398686,0.2213033917385802,300.0
datasets/barred_galaxies/poisson_noise_bg_run.264.std_3_highres.fits.png,300.0,0.2791364751935124,0.2924667688561881,252.0
datasets/barred_galaxies/poisson_noise_bg_run695.00900_4_highres.fits.png,96.0,0.1494871925558668,0.17963191015417249,60.0
datasets/barred_galaxies/poisson_noise_bg_starsrun708.01000_4_highres.fits.png,180.0,0.20413455739824662,0.23263807927671756,132.0
datasets/barred_galaxies/poisson_noise_bg_run661.01200_3_highres.fits.png,300.0,0.23386342945186292,0.23704912659399244,276.0
datasets/barred_galaxies/poisson_noise_bg_run671.01100_3_highres.fits.png,240.0,0.13488207377949155,0.15843432125911863,168.0
datasets/barred_galaxies/poisson_noise_bg_run700.00800_2_highres.fits.png,204.0,0.12479209917639197,0.137044708837687,144.0
datasets/barred_galaxies/poisson_noise_bg_run653.01250_2_highres.fits.png,252.0,0.19964685687804012,0.2273146918251168,180.0
datasets/barred_galaxies/poisson_noise_bg_run662c.01200_4_highres.fits.png,204.0,0.17286306252014813,0.20198881278085137,144.0
datasets/barred_galaxies/poisson_noise_bg_starsrun708.00900_1_highres.fits.png,120.0,0.20184380276749023,0.23163349972714836,84.0
datasets/barred_galaxies/poisson_noise_bg_run.255.std_3_highres.fits.png,228.0,0.26139420165537586,0.3059361584065384,144.0
datasets/barred_galaxies/poisson_noise_bg_run695.01000_1_highres.fits.png,84.0,0.14868206624320104,0.17037011931322896,48.0
datasets/barred_galaxies/poisson_noise_bg_run700.00300_3_highres.fits.png,240.0,0.10915623131046603,0.12286463395326695,168.0
datasets/barred_galaxies/poisson_noise_bg_run364.std_3_highres.fits.png,300.0,0.2988123664393869,0.30195792793985304,276.0
datasets/barred_galaxies/poisson_noise_bg_run662.01300_4_highres.fits.png,300.0,0.21613239515775645,0.23237077113920143,240.0
datasets/barred_galaxies/poisson_noise_bg_run672.01000_4_highres.fits.png,240.0,0.13890906156414956,0.1596775533658926,168.0
datasets/barred_galaxies/poisson_noise_bg_run680.01000_3_highres.fits.png,240.0,0.2040667843984868,0.23655711724698375,168.0
datasets/barred_galaxies/poisson_noise_bg_starsrun708main.00900_1_highres.fits.png,216.0,0.20489720726564234,0.23584670128503693,156.0
datasets/barred_galaxies/poisson_noise_bg_run671.01400_3_highres.fits.png,168.0,0.15412567380851663,0.18204331921468941,108.0
datasets/barred_galaxies/poisson_noise_bg_run.280.std_1_highres.fits.png,228.0,0.23857162717554353,0.28128825981894134,156.0
datasets/barred_galaxies/poisson_noise_bg_run670Diff.01000_4_highres.fits.png,300.0,0.21490457319053347,0.21490457319053347,300.0
datasets/barred_galaxies/poisson_noise_bg_run653.00950_1_highres.fits.png,276.0,0.19461490909474652,0.22282136687651757,192.0
datasets/barred_galaxies/poisson_noise_bg_run699.00500_3_highres.fits.png,288.0,0.19222383059558004,0.2197866695251407,204.0
datasets/barred_galaxies/poisson_noise_bg_run700.00200_2_highres.fits.png,204.0,0.11176491775575864,0.1322881738206466,132.0
datasets/barred_galaxies/poisson_noise_bg_run653.01350_3_highres.fits.png,180.0,0.219936761929842,0.2599028506195364,120.0
datasets/barred_galaxies/poisson_noise_bg_run662c.01400_3_highres.fits.png,204.0,0.16883422222128652,0.1917091407760182,156.0
datasets/barred_galaxies/poisson_noise_bg_run219_15000.std_1_highres.fits.png,252.0,0.2522371371497743,0.288719193744783,180.0
datasets/barred_galaxies/poisson_noise_bg_run680.01100_2_highres.fits.png,300.0,0.21542070833870255,0.22032440764718067,264.0
datasets/barred_galaxies/poisson_noise_bg_run700.00500_4_highres.fits.png,192.0,0.12501834934828146,0.13875288090225116,144.0
datasets/barred_galaxies/poisson_noise_bg_run653.00650_1_highres.fits.png,156.0,0.19037334608147,0.22110581661544595,108.0
datasets/barred_galaxies/poisson_noise_bg_run376.std_4_highres.fits.png,252.0,0.26085174968303254,0.30340065885535766,168.0
datasets/barred_galaxies/poisson_noise_bg_starsrun708.00600_1_highres.fits.png,180.0,0.2057753089703461,0.23782590512744275,132.0
datasets/barred_galaxies/poisson_noise_bg_run661.01100_4_highres.fits.png,300.0,0.21128147507912753,0.24090574471296944,216.0
datasets/barred_galaxies/poisson_noise_bg_run671.01200_4_highres.fits.png,168.0,0.15310852838887196,0.17160699667390006,120.0
datasets/barred_galaxies/poisson_noise_bg_run677.00900_4_highres.fits.png,180.0,0.22360458668636815,0.24927483297378275,132.0
datasets/barred_galaxies/poisson_noise_bg_starsrun708main.00600_1_highres.fits.png,120.0,0.22028122709672884,0.248784295734041,84.0
datasets/barred_galaxies/poisson_noise_bg_run688.01000_3_highres.fits.png,180.0,0.12414012746959281,0.13753245030276545,132.0
datasets/barred_galaxies/poisson_noise_bg_run677.01000_1_highres.fits.png,204.0,0.2194199479408188,0.24518101989865146,156.0
datasets/barred_galaxies/poisson_noise_bg_run680.01400_2_highres.fits.png,300.0,0.21746718393600134,0.236189220452751,240.0
datasets/barred_galaxies/poisson_noise_bg_run662c.01100_3_highres.fits.png,180.0,0.1767386266796996,0.20143162919089286,132.0
datasets/barred_galaxies/poisson_noise_bg_run672.00600_1_highres.fits.png,180.0,0.10259207287510975,0.11391344141524647,60.0
datasets/barred_galaxies/poisson_noise_bg_run661.00800_1_highres.fits.png,240.0,0.20346087386079548,0.23252791318062607,180.0
datasets/barred_galaxies/poisson_noise_bg_run680.01300_4_highres.fits.png,300.0,0.2109080392787166,0.2109080392787166,300.0
datasets/barred_galaxies/poisson_noise_bg_run688.00500_1_highres.fits.png,144.0,0.12378996728115033,0.1414388123281101,96.0
datasets/barred_galaxies/poisson_noise_bg_run662.01000_3_highres.fits.png,252.0,0.21177295588900788,0.2392005534318162,192.0
datasets/barred_galaxies/poisson_noise_bg_run700.00700_2_highres.fits.png,180.0,0.13027637027958233,0.1442680153083852,132.0
datasets/barred_galaxies/poisson_noise_bg_run672.01300_3_highres.fits.png,228.0,0.15856801707850662,0.17523886440216258,168.0
datasets/barred_galaxies/poisson_noise_bg_starsrun708main.00300_1_highres.fits.png,132.0,0.21803914179153794,0.24511728470747443,96.0
datasets/barred_galaxies/poisson_noise_bg_run.287.std_1_highres.fits.png,300.0,0.28743051222659755,0.3017444379015848,252.0
datasets/barred_galaxies/poisson_noise_bg_run661.01400_4_highres.fits.png,300.0,0.23472795543210306,0.24327006015248598,264.0
datasets/barred_galaxies/poisson_noise_bg_run670Diff.00600_1_highres.fits.png,96.0,0.16070231513567226,0.19346650248951824,60.0
datasets/barred_galaxies/poisson_noise_bg_run700.00900_3_highres.fits.png,144.0,0.15238495229891574,0.17367076226030873,96.0
datasets/barred_galaxies/poisson_noise_bg_run671.01000_2_highres.fits.png,228.0,0.1414284572388259,0.16267130999575724,156.0
datasets/barred_galaxies/poisson_noise_bg_run661.01300_2_highres.fits.png,300.0,0.23463267529482343,0.23988924571019607,264.0
datasets/barred_galaxies/poisson_noise_bg_starsrun708.00300_1_highres.fits.png,156.0,0.19704489296748692,0.22378161079945375,108.0
datasets/barred_galaxies/poisson_noise_bg_run670Diff.01300_3_highres.fits.png,48.0,0.016195269154254625,0.22509944278276633,300.0
datasets/barred_galaxies/poisson_noise_bg_run652ht.00800_3_highres.fits.png,216.0,0.19187289610163363,0.223475643527123,144.0
datasets/barred_galaxies/poisson_noise_bg_starsrun708.00600_4_highres.fits.png,132.0,0.1899243862404556,0.22660729488711154,84.0
datasets/barred_galaxies/poisson_noise_bg_run662.00900_3_highres.fits.png,300.0,0.20306615963278318,0.23585036148280678,216.0
datasets/barred_galaxies/poisson_noise_bg_run376.std_1_highres.fits.png,252.0,0.2554228026531597,0.30072612724474623,168.0
datasets/barred_galaxies/poisson_noise_bg_starsrun708main.00100_2_highres.fits.png,96.0,0.21543237977905552,0.24613043096087087,72.0
datasets/barred_galaxies/poisson_noise_bg_run671.00700_3_highres.fits.png,156.0,0.13409535717622167,0.1525793793769716,108.0
datasets/barred_galaxies/poisson_noise_bg_starsrun708.00100_2_highres.fits.png,120.0,0.2015535651928814,0.2282468178100229,96.0
datasets/barred_galaxies/poisson_noise_bg_starsrun708main.00600_4_highres.fits.png,156.0,0.20487207949617617,0.2435045493985972,108.0
datasets/barred_galaxies/poisson_noise_bg_run688.00900_3_highres.fits.png,204.0,0.113840081805356,0.12434343134974185,132.0
datasets/barred_galaxies/poisson_noise_bg_run677.00900_1_highres.fits.png,192.0,0.2142582552399613,0.23947915064994735,144.0
datasets/barred_galaxies/poisson_noise_bg_run671.01200_1_highres.fits.png,168.0,0.1608552773211264,0.18087554869917985,120.0
datasets/barred_galaxies/poisson_noise_bg_run662c.00800_3_highres.fits.png,192.0,0.18308046937356617,0.2030364773465583,144.0
datasets/barred_galaxies/poisson_noise_bg_run661.01100_1_highres.fits.png,300.0,0.22396968960221703,0.2295848598031272,264.0
datasets/barred_galaxies/poisson_noise_bg_run700.01000_3_highres.fits.png,252.0,0.11288202441932604,0.12318735900271686,180.0
datasets/barred_galaxies/poisson_noise_bg_run671.00900_2_highres.fits.png,156.0,0.15547521571411851,0.17378473587800536,108.0
datasets/barred_galaxies/poisson_noise_bg_run662.00700_2_highres.fits.png,216.0,0.19127345040859361,0.21677885997465868,156.0
datasets/barred_galaxies/poisson_noise_bg_run652ht.01100_3_highres.fits.png,300.0,0.1856368845389965,0.18891748631730088,264.0
datasets/barred_galaxies/poisson_noise_bg_run677.01200_2_highres.fits.png,216.0,0.22074674180842588,0.24692158254934995,168.0
datasets/barred_galaxies/poisson_noise_bg_run653.00650_4_highres.fits.png,192.0,0.183418714943123,0.23182628295022548,120.0
datasets/barred_galaxies/poisson_noise_bg_run700.00500_1_highres.fits.png,264.0,0.1079012891685947,0.12159774234821255,168.0
datasets/barred_galaxies/poisson_noise_bg_run219_15000.std_4_highres.fits.png,264.0,0.24956386316964216,0.29274551293737705,180.0
datasets/barred_galaxies/poisson_noise_bg_run688.00700_2_highres.fits.png,156.0,0.12080324251104911,0.129685652767712,120.0
datasets/barred_galaxies/poisson_noise_bg_run670Diff.00600_4_highres.fits.png,120.0,0.17141785199741572,0.19631345738613856,84.0
datasets/barred_galaxies/poisson_noise_bg_run661.01400_1_highres.fits.png,216.0,0.21437420726609843,0.2571147083855767,132.0
datasets/barred_galaxies/poisson_noise_bg_run.287.std_4_highres.fits.png,48.0,0.011448414572872209,0.2989471452988841,300.0
datasets/barred_galaxies/poisson_noise_bg_starsrun708main.00300_4_highres.fits.png,108.0,0.22022024114158176,0.2517433101841428,84.0
datasets/barred_galaxies/poisson_noise_bg_starsrun708.00400_2_highres.fits.png,132.0,0.200298137205065,0.23148900141684112,96.0
datasets/barred_galaxies/poisson_noise_bg_starsrun708main.00400_2_highres.fits.png,156.0,0.21739868226464834,0.24363885339875005,120.0
datasets/barred_galaxies/poisson_noise_bg_starsrun708.00300_4_highres.fits.png,156.0,0.19434868279196926,0.22058864871708825,120.0
datasets/barred_galaxies/poisson_noise_bg_run695.01300_3_highres.fits.png,120.0,0.1274349845845316,0.13600413341214868,84.0
datasets/barred_galaxies/poisson_noise_bg_run661.00800_4_highres.fits.png,300.0,0.1999247422092267,0.22880261728739948,216.0
datasets/barred_galaxies/poisson_noise_bg_run672.00600_4_highres.fits.png,84.0,0.11166678733896503,0.12115359194144901,60.0
datasets/barred_galaxies/poisson_noise_bg_run688.00200_2_highres.fits.png,108.0,0.14260088852168612,0.15848830033680364,72.0
datasets/barred_galaxies/poisson_noise_bg_run677.01000_4_highres.fits.png,216.0,0.20338251271707464,0.2390651292749778,156.0
datasets/barred_galaxies/poisson_noise_bg_run652ht.01400_3_highres.fits.png,72.0,0.03254847355705572,0.15293951479782886,300.0
datasets/barred_galaxies/poisson_noise_bg_run688.00500_4_highres.fits.png,192.0,0.11686379163077563,0.13312175958949535,132.0
datasets/barred_galaxies/poisson_noise_bg_run680.01300_1_highres.fits.png,300.0,0.2202806801881024,0.2202806801881024,300.0
datasets/barred_galaxies/poisson_noise_bg_run661.00700_4_highres.fits.png,264.0,0.18322208967873468,0.2089258318331705,192.0
datasets/barred_galaxies/poisson_noise_bg_starsrun708.00500_3_highres.fits.png,108.0,0.20131555809431534,0.2237789321578989,72.0
datasets/barred_galaxies/poisson_noise_bg_run670Diff.01500_1_highres.fits.png,144.0,0.03882422250540246,0.19771557997825123,300.0
datasets/barred_galaxies/poisson_noise_bg_run.240.std_1_highres.fits.png,72.0,0.013397216139006258,0.2932251441515211,300.0
datasets/barred_galaxies/poisson_noise_bg_run672.00900_4_highres.fits.png,192.0,0.1457495221183067,0.1619184202745866,144.0
datasets/barred_galaxies/poisson_noise_bg_starsrun708main.01000_1_highres.fits.png,204.0,0.1983337754538916,0.23252624979654068,144.0
datasets/barred_galaxies/poisson_noise_bg_starsrun708.01000_1_highres.fits.png,180.0,0.20989056296556458,0.24139014680140594,132.0
datasets/barred_galaxies/poisson_noise_bg_run695.00900_1_highres.fits.png,96.0,0.14843579168586618,0.16793647537767295,72.0
datasets/barred_galaxies/poisson_noise_bg_starsrun708main.00500_3_highres.fits.png,168.0,0.21118221419916136,0.24296977421111354,120.0
datasets/barred_galaxies/poisson_noise_bg_run670Diff.00900_4_highres.fits.png,300.0,0.19910165473095504,0.20928253002503297,252.0
datasets/barred_galaxies/poisson_noise_bg_run699.00600_1_highres.fits.png,264.0,0.18377805368625358,0.2096304622368395,180.0
datasets/barred_galaxies/poisson_noise_bg_run652ht.01200_4_highres.fits.png,72.0,0.034078204989841855,0.17160905159168932,300.0
datasets/barred_galaxies/poisson_noise_bg_run653.01050_1_highres.fits.png,252.0,0.20093899966127404,0.2232764889432469,192.0
datasets/barred_galaxies/poisson_noise_bg_run694.00600_4_highres.fits.png,264.0,0.19526459377275243,0.21520494226204911,204.0
datasets/barred_galaxies/poisson_noise_bg_run688.00300_3_highres.fits.png,132.0,0.13246185481287542,0.16195990064537938,72.0
datasets/barred_galaxies/poisson_noise_bg_run695.01200_2_highres.fits.png,144.0,0.13123284925663858,0.1569850046443865,72.0
datasets/barred_galaxies/poisson_noise_bg_run671.00600_2_highres.fits.png,144.0,0.10437913915639911,0.125226828236936,84.0
datasets/barred_galaxies/poisson_noise_bg_run662.00800_2_highres.fits.png,192.0,0.20256562902251177,0.22966532767911266,144.0
datasets/barred_galaxies/poisson_noise_bg_run.280.std_4_highres.fits.png,300.0,0.2703091785981148,0.2786861542367683,264.0
datasets/barred_galaxies/poisson_noise_bg_run662c.00900_2_highres.fits.png,168.0,0.17088658253249328,0.19746912541564773,120.0
datasets/barred_galaxies/poisson_noise_bg_run653.00950_4_highres.fits.png,300.0,0.18835242723501736,0.21424233727990868,216.0
datasets/barred_galaxies/poisson_noise_bg_run670Diff.01000_1_highres.fits.png,300.0,0.21264707077345377,0.2134321761659108,288.0
datasets/barred_galaxies/poisson_noise_bg_run677.01300_3_highres.fits.png,192.0,0.22056527072983398,0.26001921164379427,132.0
datasets/barred_galaxies/poisson_noise_bg_run652ht.01000_2_highres.fits.png,300.0,0.18909035507466906,0.2158584251378555,204.0
datasets/barred_galaxies/poisson_noise_bg_run695.01000_4_highres.fits.png,96.0,0.15286354377559722,0.17205157010740207,72.0
datasets/barred_galaxies/poisson_noise_bg_starsrun708.00900_4_highres.fits.png,132.0,0.2034885707747956,0.23343358557600363,96.0
datasets/barred_galaxies/poisson_noise_bg_run662.00600_3_highres.fits.png,108.0,0.16197721166657889,0.18382086135314027,84.0
datasets/barred_galaxies/poisson_noise_bg_run694.00400_2_highres.fits.png,288.0,0.19852494727458972,0.2220369831650648,216.0
datasets/barred_galaxies/poisson_noise_bg_run662c.01200_1_highres.fits.png,180.0,0.16832336987860136,0.19492971829000283,132.0
datasets/barred_galaxies/poisson_noise_bg_run671.00800_3_highres.fits.png,216.0,0.13782184007505485,0.15809504616583603,156.0
datasets/barred_galaxies/poisson_noise_bg_run688.00600_3_highres.fits.png,156.0,0.11374403393499641,0.12668379020185966,108.0
datasets/barred_galaxies/poisson_noise_bg_starsrun708main.00900_4_highres.fits.png,204.0,0.203217599019434,0.23476174896381624,144.0
datasets/barred_galaxies/poisson_noise_bg_run662c.00700_3_highres.fits.png,144.0,0.18644355381948277,0.21412442839406284,96.0
datasets/barred_galaxies/poisson_noise_bg_run672.01000_1_highres.fits.png,228.0,0.14389268849048306,0.15907286079165606,168.0
datasets/barred_galaxies/poisson_noise_bg_run662.01300_1_highres.fits.png,288.0,0.2101393932277506,0.22575999243974074,228.0
datasets/barred_galaxies/poisson_noise_bg_run677.00800_4_highres.fits.png,192.0,0.21844675813915793,0.2495520839315654,144.0
datasets/barred_galaxies/poisson_noise_bg_starsrun708main.00700_1_highres.fits.png,192.0,0.20638484158694206,0.23469078203286284,144.0
datasets/barred_galaxies/poisson_noise_bg_run661.01000_4_highres.fits.png,276.0,0.21423223472961822,0.23964111770844143,204.0
datasets/barred_galaxies/poisson_noise_bg_run671.01300_4_highres.fits.png,216.0,0.15622174649445347,0.1749834690106075,156.0
datasets/barred_galaxies/poisson_noise_bg_run671.01400_2_highres.fits.png,168.0,0.16144711614530866,0.1821706097946264,120.0
datasets/barred_galaxies/poisson_noise_bg_starsrun708.00700_1_highres.fits.png,132.0,0.19403054148494875,0.23195998770146606,84.0
datasets/barred_galaxies/poisson_noise_bg_run677.01400_1_highres.fits.png,204.0,0.21632269728777773,0.25360728664888266,144.0
datasets/barred_galaxies/poisson_noise_bg_run653.00750_1_highres.fits.png,192.0,0.2140164776410425,0.23987566055471174,144.0
datasets/barred_galaxies/poisson_noise_bg_run700.00400_4_highres.fits.png,216.0,0.11101997119545211,0.12465437161312963,144.0
datasets/barred_galaxies/poisson_noise_bg_run680.01000_2_highres.fits.png,300.0,0.20820590073564144,0.21492359403461628,264.0
datasets/barred_galaxies/poisson_noise_bg_run.255.std_2_highres.fits.png,48.0,0.008432434439162674,0.28090131629176124,300.0
datasets/barred_galaxies/poisson_noise_bg_run688.00100_1_highres.fits.png,96.0,0.14804275091567648,0.18146314918042764,60.0
datasets/barred_galaxies/poisson_noise_bg_run653.01250_3_highres.fits.png,228.0,0.1955016887948561,0.2353919059968537,156.0
datasets/barred_galaxies/poisson_noise_bg_run364.std_2_highres.fits.png,72.0,0.012384633742098318,0.288557660589692,300.0
datasets/barred_galaxies/poisson_noise_bg_run.282.std_1_highres.fits.png,264.0,0.23795758116231852,0.27571574619597333,192.0
datasets/barred_galaxies/poisson_noise_bg_run700.00300_2_highres.fits.png,132.0,0.1490281645778054,0.17346789959678882,84.0
datasets/barred_galaxies/poisson_noise_bg_starsrun708.00200_1_highres.fits.png,144.0,0.19178558723394928,0.22075116865176417,108.0
datasets/barred_galaxies/poisson_noise_bg_run.264.std_2_highres.fits.png,300.0,0.25287768381777515,0.29023958978071246,216.0
datasets/barred_galaxies/poisson_noise_bg_run670Diff.01200_3_highres.fits.png,300.0,0.22373805670370123,0.22679850340519572,276.0
datasets/barred_galaxies/poisson_noise_bg_run652ht.00900_3_highres.fits.png,300.0,0.1871103290700314,0.19591181543109695,252.0
datasets/barred_galaxies/poisson_noise_bg_run700.00800_3_highres.fits.png,276.0,0.11007721984122902,0.12310481007074436,192.0
datasets/barred_galaxies/poisson_noise_bg_run671.01100_2_highres.fits.png,168.0,0.16037772809484888,0.1767878103983583,120.0
datasets/barred_galaxies/poisson_noise_bg_run661.01200_2_highres.fits.png,300.0,0.21546127305595117,0.24164654682058218,228.0
datasets/barred_galaxies/poisson_noise_bg_run670Diff.00700_1_highres.fits.png,204.0,0.18367121158100427,0.21015162334454623,144.0
datasets/barred_galaxies/poisson_noise_bg_starsrun708main.00200_1_highres.fits.png,120.0,0.2228355451188808,0.2469538643116385,96.0
datasets/barred_galaxies/poisson_noise_bg_run662.01100_3_highres.fits.png,300.0,0.21670045288053957,0.23836712473849062,228.0
datasets/barred_galaxies/poisson_noise_bg_run700.00600_2_highres.fits.png,252.0,0.1076950220293059,0.12200456639680954,168.0
datasets/barred_galaxies/poisson_noise_bg_run672.01200_3_highres.fits.png,192.0,0.16327658579311505,0.18036724833029946,144.0
datasets/barred_galaxies/poisson_noise_bg_run680.01200_4_highres.fits.png,300.0,0.2101254867752729,0.21126639453066356,288.0
datasets/barred_galaxies/poisson_noise_bg_run652ht.00700_2_highres.fits.png,228.0,0.16885980465134434,0.1901616003458979,168.0
datasets/barred_galaxies/poisson_noise_bg_run688.00400_1_highres.fits.png,216.0,0.11439966157573105,0.13795094613384376,120.0
datasets/barred_galaxies/poisson_noise_bg_run672.00700_1_highres.fits.png,192.0,0.13269803929105498,0.1502302217849025,132.0
datasets/barred_galaxies/poisson_noise_bg_run662c.01000_3_highres.fits.png,156.0,0.17150372617940626,0.19920303335957615,96.0
datasets/barred_galaxies/poisson_noise_bg_run661.00900_1_highres.fits.png,228.0,0.20278659546819075,0.24075898608856408,156.0
datasets/barred_galaxies/poisson_noise_bg_run700.00100_4_highres.fits.png,168.0,0.12925196282139984,0.14212495467493502,132.0
datasets/barred_galaxies/poisson_noise_bg_run677.01100_1_highres.fits.png,204.0,0.2153984258497121,0.2498063104455395,144.0
datasets/barred_galaxies/poisson_noise_bg_run695.00800_4_highres.fits.png,72.0,0.18572227439218536,0.21661863987792235,48.0
datasets/barred_galaxies/poisson_noise_bg_run661.01300_3_highres.fits.png,300.0,0.23539860774637578,0.23759446878675128,276.0
datasets/barred_galaxies/poisson_noise_bg_run671.01000_3_highres.fits.png,228.0,0.13953868438577813,0.16218951141333748,156.0
datasets/barred_galaxies/poisson_noise_bg_run700.00900_2_highres.fits.png,204.0,0.12028578166258565,0.1328215091053195,156.0
datasets/barred_galaxies/poisson_noise_bg_run652ht.00800_2_highres.fits.png,300.0,0.1758560135721159,0.1927652919471958,228.0
datasets/barred_galaxies/poisson_noise_bg_run670Diff.01300_2_highres.fits.png,144.0,0.037995999563642045,0.22013319788527919,300.0
datasets/barred_galaxies/poisson_noise_bg_run672.00800_1_highres.fits.png,180.0,0.14406064013169143,0.1625482997211089,132.0
datasets/barred_galaxies/poisson_noise_bg_run670Diff.01400_4_highres.fits.png,96.0,0.0359041164962257,0.22392507041473853,300.0
datasets/barred_galaxies/poisson_noise_bg_run.201.std_4_highres.fits.png,264.0,0.2531088195674861,0.2942961887664878,192.0
datasets/barred_galaxies/poisson_noise_bg_run695.01400_1_highres.fits.png,84.0,0.13626023342439594,0.1401912550192195,72.0
datasets/barred_galaxies/poisson_noise_bg_run672.01300_2_highres.fits.png,204.0,0.158923839436355,0.1826532919839368,132.0
datasets/barred_galaxies/poisson_noise_bg_run700.00700_3_highres.fits.png,144.0,0.1437273133053051,0.16969342684394925,84.0
datasets/barred_galaxies/poisson_noise_bg_run662.01000_2_highres.fits.png,240.0,0.21270915114950412,0.2382386551553699,180.0
datasets/barred_galaxies/poisson_noise_bg_run688.01000_2_highres.fits.png,108.0,0.14875265999040185,0.17496460040606662,72.0
datasets/barred_galaxies/poisson_noise_bg_run652ht.01300_1_highres.fits.png,252.0,0.2087519435213905,0.24615860439962264,132.0
datasets/barred_galaxies/poisson_noise_bg_run672.01400_4_highres.fits.png,156.0,0.1627761231760173,0.18323512547683865,108.0
datasets/barred_galaxies/poisson_noise_bg_run670Diff.00800_1_highres.fits.png,300.0,0.19349614828982242,0.2147154857760129,228.0
datasets/barred_galaxies/poisson_noise_bg_run662c.01100_2_highres.fits.png,156.0,0.17147206860998865,0.2049758114394304,96.0
datasets/barred_galaxies/poisson_noise_bg_run653.01150_4_highres.fits.png,216.0,0.20979578562385434,0.23834946895935008,156.0
datasets/barred_galaxies/poisson_noise_bg_run680.01400_3_highres.fits.png,300.0,0.22183327842678466,0.23377692313156853,252.0
datasets/barred_galaxies/poisson_noise_bg_run653.00850_1_highres.fits.png,156.0,0.21628444857237936,0.24422320360789634,108.0
datasets/barred_galaxies/poisson_noise_bg_run670Diff.01100_4_highres.fits.png,300.0,0.1973550202558131,0.23533487586396196,204.0
datasets/barred_galaxies/poisson_noise_bg_run.373.std_1_highres.fits.png,300.0,0.2912321636633113,0.29350167442504727,276.0
datasets/barred_galaxies/poisson_noise_bg_starsrun708main.00800_1_highres.fits.png,168.0,0.21756774118065603,0.24469919264724627,120.0
datasets/barred_galaxies/poisson_noise_bg_run680.01100_3_highres.fits.png,300.0,0.21023786862854293,0.21707272574331693,264.0
datasets/barred_galaxies/poisson_noise_bg_run662c.01400_2_highres.fits.png,204.0,0.17451579033534143,0.19581062031149724,156.0
datasets/barred_galaxies/poisson_noise_bg_run662.01200_4_highres.fits.png,300.0,0.21614940930001367,0.2288231754992985,252.0
datasets/barred_galaxies/poisson_noise_bg_run672.01100_4_highres.fits.png,168.0,0.16027114143385973,0.18033497606473778,120.0
datasets/barred_galaxies/poisson_noise_bg_run.252.s2.std_1_highres.fits.png,300.0,0.24848927196713552,0.29998589045970186,204.0
datasets/barred_galaxies/poisson_noise_bg_run699.00500_2_highres.fits.png,300.0,0.18121175668289552,0.21022010284813836,216.0
datasets/barred_galaxies/poisson_noise_bg_run700.00200_3_highres.fits.png,228.0,0.11271673732587817,0.12744990456368355,156.0
datasets/barred_galaxies/poisson_noise_bg_run653.01350_2_highres.fits.png,300.0,0.21733937567861245,0.23637189546029247,240.0
datasets/barred_galaxies/poisson_noise_bg_run662c.01300_4_highres.fits.png,204.0,0.17506946276523352,0.2006985939962965,144.0
datasets/barred_galaxies/poisson_noise_bg_starsrun708.00800_1_highres.fits.png,168.0,0.2065176787211332,0.23801726058901426,120.0
datasets/barred_galaxies/poisson_noise_bg_run695.01100_1_highres.fits.png,96.0,0.16302197001311242,0.18893663564020408,60.0
